token_address,symbol,kernwoord,heat,stijging,status,lanceerdag,piek_pct,hard_pass,gemaild
7c9sXHS879M9fq9Gex4pCSHYGeBDVK7yErKGMAxypump,CATURN,caturn,,,geen data,2026-08-18,-31.7,true,true
4Xg9qDuEP1vMEwqMr2yWo92Yn9a7xZu5BNQBbXVfpump,NEWBIE,newbie,64,-8.4,ok,2026-08-18,-11.7,true,true
UMfGniBctBLYcy77zahNSWxrTLsdbphdbzasVJ8pump,wiki,memecoin,100,15.0,ok,2026-08-19,-26.2,true,true
CJFjHMh7Mr1FuuRkSU9tEQhYW71kmpHPJpvAucSUpump,POO,poocoin,70,60.0,ok,2026-08-20,-3.1,true,true
2mR2Fia66XTA18pdsgvn8EWubDwWbEbSooQjWkFXpump,HAZEL,charlie,86,2.6,ok,2026-08-20,20.0,false,true
Cshsbjv9kyFL8MMeGtUBwX8DbQp8cbfuRELsbY2Kpump,SOLYA,solyacoin,0,-14.3,ok,2026-08-20,0.3,false,true
5vTzYtcUMJvWKMxweLuiyiAoLhXuhWHy8H57F1UPpump,MOMENTUM,momentum,74,-4.3,ok,2026-08-20,-2.7,true,true
CvjSaRcTmcrfutekYzrBEEdTWx1RmRTWDToqtXmCpump,LaPeace,lapeace,94,94.0,ok,2026-08-20,354.2,true,true
VJdpSDDLof7HuZiNmsRUSL4YCncsk1FGiVoHyAJpump,BREAKING,breaking,80,-1.9,ok,2026-08-20,19.1,false,true
897wEhKQtCKXuxxoDA8BH9LWnSpdTKLVzqh1J8xFpump,BULLBALLS,bullballs,,,geen data,2026-08-20,-97.0,false,true
CQn2cYhvPCH3y3MHbuYXAR6eUxEU3YeBpckkzUVypump,CHOCI,choci,0,-13.6,ok,2026-08-21,-99.7,true,true
5uVwVUvzXsYP9Cc1sjRgVJE1zX3xfi3pArJNg9RNpump,ONIGIRI,onigiricoin,0,0.0,ok,2026-08-21,-99.6,true,true
GiAXHqgpNXcjMTRVDvUk2kr4ZnARePn8Zg7nCTTZpump,RIKA,rikacoin,,,geen data,2026-08-21,-21.5,true,true
De15pGV5Y13e8obRxj6VuVppRgvpnjUoRtnNtHy8pump,dogalyst,dogalyst,,,geen data,2026-08-21,-99.1,true,true
Gc59DcTqMALEPLqBnEtyv6TXg4funGBNknDvGgBapump,SolFi,solfi,0,-18.9,ok,2026-08-21,-99.3,true,true
DZ87Nn5mizyrYnHx8SFKgTTLPJQk6pktDuWpTzDoZKXM,HODL,dear,87,-0.6,ok,2026-08-21,-73.5,true,true
8okX9n4GJYcUpRSCmZk8UU35T1y3cKTFBezHAAa35KPP,MMM,matcha,70,-4.6,ok,2026-08-21,-27.5,true,true
7bQQgwnNf1qPBdTcuouKtYthsHaGLxxs2X38fgzBTq2w,ANSEM6900,ansem6900,,,geen data,2026-08-21,-1.6,true,true
2M7nsQPaUH4iCLxwoRkAmaBN7yqnbAm1hw139pXqpump,PremiurLeeg,premiurleeg,,,geen data,2026-08-21,22.9,true,true
4CwRX9ByUrEGuG8FxBKAsFpzFxMRmyEdVRBT8TZupump,US,,,,geen woord,2026-08-21,271.1,true,true
GrHhWhMbEybuHj5MQEGa5aqVjUcT84kYmJqf2NLfD4FM,Keroro,keroro,25,-12.4,ok,2026-08-21,-96.8,true,true
F7pnsaUctoymdtF7ufyA7j6hxfsAo6qoaM29MKUppump,WAB,,,,geen woord,2026-08-21,47.5,true,true
GCjNq5LDnGH3gYmq8A3tHmigvbTzs1X2SxqBdzvTpump,PI,island,67,-5.6,ok,2026-08-21,0.1,true,true
EpY9EurXwPnQbVM6fk84goG1kBf9K3GZRCuqgV6Tpump,CLOWN,clown,90,1.3,ok,2026-08-21,255.8,false,true
DShht9B8wCRe5t3oqdPB77PnjJbKxbYaZyuWpZQjbonk,CONK,conk,99,18.3,ok,2026-08-21,2591.1,true,true
C6TTFtfzmWRymfR5xqXGwepayteeGjvj6KVnu7gs7Lf3,ETM,encrypt,53,-11.1,ok,2026-08-21,65.2,true,true
6eYz4qfWE8f1LKrzTSXaJPUSy6C3DU1MdVzd6dARXaLG,REINVEST,reinvest,89,7.7,ok,2026-08-21,-42.4,true,true
9iKLFWA2HmrbMCsxkJTNP49w8W5svzVUFF1gnrKPpump,$TEACHER,teacher,80,-9.4,ok,2026-08-21,-14.2,true,true
EjAuFtMEP6LQDgLb11JU9bkcskhFYbgd9Q5NRXJppump,Doge2,caesar,68,2.3,ok,2026-08-22,2483.8,true,true
HCrpPqRJNd2JUNnhsueXQTQZDkDbfXYDzgmz5tS9pump,Rizzstein,rizzenstein,,,geen data,2026-08-22,-11.5,true,true
2z61B9eB2nEMB8tD6emiXdRDugXTc6Hk1LGjcMYjpump,MIAO,miaoverse,0,0.0,ok,2026-08-22,442.4,false,true
FnyPJRwR6mphqf3qqhcackoqKukd1yNDFFFoy6Lhpump,BATTLEAIM,battleaim,,,geen data,2026-08-22,6.7,true,true
HGjmGYKw4EL9JZrrA6yWyvB4LoN4XtbLQkWYX3e5E5vP,ZEAL,mascot,18,-13.1,ok,2026-08-22,9.8,true,true
CUz3n2VjRArmj8LYTq42Vie5LjnfyXkvfLb75ARBpump,CIACAT,acoustic,56,-29.3,ok,2026-08-22,167.8,true,true
EHJMZdc43u4dcQ9uDcUv5VuB9podCoPhx8PDtByzpump,HarryBōlz,harryb,0,0.0,ok,2026-08-22,119.9,true,true
8ont4auqyUv5hJ1MH9pKRuHhfnpGfErM1nBjmkQTd3wo,$VIP,important,67,-20.7,ok,2026-08-22,123.7,true,true
GVqEasmDypXNM3LFYXY4h8uXaE8ivoZnS9AJCZyXpump,GLITCH,solglitch,,,geen data,2026-08-23,311.6,true,true
9bYNvY1ZdnmMPwc9pHyxQ2Y9QvAB5gpb4kBMNc7Spump,CHIBI,chibi,100,6.1,ok,2026-08-23,6.2,true,true
BJBD15Hapv4nJtNtvxMKHBcVJ8yqetRdNkV9Z7Ydpump,SNIFFER,sniffer,84,2.0,ok,2026-08-23,-0.5,true,true
DvVXHjpUyAunQFry3WjsLnZnriZ9QyzwiZ97eJQCpump,Farte,fartecoin,,,geen data,2026-08-23,36.7,true,true
6M6ZbPHx7Duf8gGdZMMobhXFUdLwGhKxZihxANh7Juan,JUAN,juan,85,-4.1,ok,2026-08-23,5.0,true,true
7KTibsg1CentrL9YGC64wCGjiMAqWyD47wa7otnppump,THEO,theo,78,-7.4,ok,2026-08-23,19.0,true,true
5BLEcYuGrQVznBqnkaY7u2z6GHNSPhHkXZxJLkoDLeek,Leek,leek,100,38.3,ok,2026-08-23,-31.3,true,true
5qmSaFVw2PzUqk3Ab9f6DZBuk35ZsLp3EVwWNfCVpump,Office,office,52,-26.6,ok,2026-08-23,274.6,true,true
FV3w8mVtaSkVqUELBzYMaSagD821ZVduPf7hA4e3pump,CYBERBULL,cyberbull,,,geen data,2026-08-23,139.5,true,true
66ZEoQSgY3g5KEijP8ZUucth9ZmrxwYg8ngzwgP6pump,CATCUS,catcus,65,6.9,ok,2026-08-24,59.9,true,true
8YVakcmrbeaZUJtpc1ifFjkUKNYLJvXXH6suuFSYpump,BULLY,bully,75,-7.9,ok,2026-08-24,29.0,true,true
7QvP6AhFjjqinNu6FV7t9EbVa3vVievGrMUpqruLpump,Asseater,asseater,,,geen data,2026-08-24,-57.6,true,true
8CfMGsD2tEp8DN1xJ1FhSgx144c2AhqMDytJeew9pump,IVY,,,,geen woord,2026-08-25,735.9,true,true
4mxp6WN2uAtDBd8BHNPSTYUEy6mD7R3gejzayWGBpump,豹拉,,,,geen woord,2026-08-25,79.8,true,true
