token_address,symbol,alert_ts,bron,wallet,rang,status
F7pnsaUctoymdtF7ufyA7j6hxfsAo6qoaM29MKUppump,WAB,2026-08-21T17:18:00.470364+00:00,pool,2NVoJHFtwRxXPx3MHX8d37BiAGB4X91SYx66i6hsAwrJ,1,ok
F7pnsaUctoymdtF7ufyA7j6hxfsAo6qoaM29MKUppump,WAB,2026-08-21T17:18:00.470364+00:00,pool,Fs9RN3wAsuJKPbTmtX5eek1bhW5krNH8RkQxkFAtgNfR,2,ok
F7pnsaUctoymdtF7ufyA7j6hxfsAo6qoaM29MKUppump,WAB,2026-08-21T17:18:00.470364+00:00,pool,E9pHa8VT8KP9oPzN6bcsCJRTmahhB7p9hkP3VEP9yoEW,3,ok
F7pnsaUctoymdtF7ufyA7j6hxfsAo6qoaM29MKUppump,WAB,2026-08-21T17:18:00.470364+00:00,pool,27HFmP7ccLadGswvQfvea4o3juLw75cPF4V6jWpHM3MX,4,ok
F7pnsaUctoymdtF7ufyA7j6hxfsAo6qoaM29MKUppump,WAB,2026-08-21T17:18:00.470364+00:00,pool,9FwgDrjXXrBRyAwNbhzhocvwW4SAJc6K64LVfsxUTegX,5,ok
F7pnsaUctoymdtF7ufyA7j6hxfsAo6qoaM29MKUppump,WAB,2026-08-21T17:18:00.470364+00:00,pool,7JzH5xv82HKEK2kwitBiVi9CvGhu5dB8kui6tsbp962S,6,ok
F7pnsaUctoymdtF7ufyA7j6hxfsAo6qoaM29MKUppump,WAB,2026-08-21T17:18:00.470364+00:00,pool,EAxvbAKkAfQ6snafrt9kpekyMotj1qefJhqjhWhvpRpT,7,ok
F7pnsaUctoymdtF7ufyA7j6hxfsAo6qoaM29MKUppump,WAB,2026-08-21T17:18:00.470364+00:00,pool,3FdNJVZaEnJ5jC4DheXCB1zpgfLKSRvRHKQijsg5PAEL,8,ok
F7pnsaUctoymdtF7ufyA7j6hxfsAo6qoaM29MKUppump,WAB,2026-08-21T17:18:00.470364+00:00,pool,A6Dpt4FVxoPFTqo7i2kTBoSXtjHHngUcfiNNdXPLEtiS,9,ok
F7pnsaUctoymdtF7ufyA7j6hxfsAo6qoaM29MKUppump,WAB,2026-08-21T17:18:00.470364+00:00,pool,G9tBh7m1rnT95unrThTYvzVkud3Y9ZYctMjbx7AZH8Gh,10,ok
F7pnsaUctoymdtF7ufyA7j6hxfsAo6qoaM29MKUppump,WAB,2026-08-21T17:18:00.470364+00:00,pool,97ALCXTweRr2qkDrFJjj4NwafyvJofmhjQEH8c7tqxXX,11,ok
F7pnsaUctoymdtF7ufyA7j6hxfsAo6qoaM29MKUppump,WAB,2026-08-21T17:18:00.470364+00:00,pool,FdTNcWC3bC9tX6GQycoEW2eRzpAytj9EnSdHyfcwpvjM,12,ok
F7pnsaUctoymdtF7ufyA7j6hxfsAo6qoaM29MKUppump,WAB,2026-08-21T17:18:00.470364+00:00,pool,Eo3qjiYgv61vwJ1VoBKMvdDeNMU1b8w9VZPkGoGevyQQ,13,ok
GCjNq5LDnGH3gYmq8A3tHmigvbTzs1X2SxqBdzvTpump,PI,2026-08-21T19:11:11.460458+00:00,pool,BnnNJJgy9w2MLQ9XBKJKG9FQa2r9qdW7u5VpzEkwUcc3,1,ok
GCjNq5LDnGH3gYmq8A3tHmigvbTzs1X2SxqBdzvTpump,PI,2026-08-21T19:11:11.460458+00:00,pool,1aDerPKk87xJHCAqTY5bGxF5Xet2MG476y4Zmq2WJ8Y,2,ok
GCjNq5LDnGH3gYmq8A3tHmigvbTzs1X2SxqBdzvTpump,PI,2026-08-21T19:11:11.460458+00:00,pool,27HFmP7ccLadGswvQfvea4o3juLw75cPF4V6jWpHM3MX,3,ok
GCjNq5LDnGH3gYmq8A3tHmigvbTzs1X2SxqBdzvTpump,PI,2026-08-21T19:11:11.460458+00:00,pool,ApJbDkiG7i1fh5yE8hEHyKJ1LLWQR5k9aoSEfDtwCQf6,4,ok
GCjNq5LDnGH3gYmq8A3tHmigvbTzs1X2SxqBdzvTpump,PI,2026-08-21T19:11:11.460458+00:00,pool,Fs9RN3wAsuJKPbTmtX5eek1bhW5krNH8RkQxkFAtgNfR,5,ok
GCjNq5LDnGH3gYmq8A3tHmigvbTzs1X2SxqBdzvTpump,PI,2026-08-21T19:11:11.460458+00:00,pool,Ees6DKUdsTiqaTii4mfvUnyefND53dAYJLDKGvRtQ2sW,6,ok
GCjNq5LDnGH3gYmq8A3tHmigvbTzs1X2SxqBdzvTpump,PI,2026-08-21T19:11:11.460458+00:00,pool,6FcpwDeV1654CNH3giPXJ9i5ELFSWEdg1NpEtVjxojsR,7,ok
GCjNq5LDnGH3gYmq8A3tHmigvbTzs1X2SxqBdzvTpump,PI,2026-08-21T19:11:11.460458+00:00,pool,6Xr7vqFxs4BtN8B5kFeCsdUsrbthFDaju1ERTwLpmAc8,8,ok
GCjNq5LDnGH3gYmq8A3tHmigvbTzs1X2SxqBdzvTpump,PI,2026-08-21T19:11:11.460458+00:00,pool,CpT4gc28VSWDxPLL8jbHH1HR5TXLfdo3cCAcc8hDPdLK,9,ok
GCjNq5LDnGH3gYmq8A3tHmigvbTzs1X2SxqBdzvTpump,PI,2026-08-21T19:11:11.460458+00:00,pool,BF6GFz4xJHXzvPXMzawRQ9DK1CgXhnXNeqiC9jTnfPKx,10,ok
GCjNq5LDnGH3gYmq8A3tHmigvbTzs1X2SxqBdzvTpump,PI,2026-08-21T19:11:11.460458+00:00,pool,7NAd2EpYGGeFofpyvgehSXhH5vg6Ry6VRMW2Y6jiqCu1,11,ok
GCjNq5LDnGH3gYmq8A3tHmigvbTzs1X2SxqBdzvTpump,PI,2026-08-21T19:11:11.460458+00:00,pool,FxN3VZ4BosL5urG2yoeQ156JSdmavm9K5fdLxjkPmaMR,12,ok
GCjNq5LDnGH3gYmq8A3tHmigvbTzs1X2SxqBdzvTpump,PI,2026-08-21T19:11:11.460458+00:00,pool,suqh5sHtr8HyJ7q8scBimULPkPpA557prMG47xCHQfK,13,ok
GCjNq5LDnGH3gYmq8A3tHmigvbTzs1X2SxqBdzvTpump,PI,2026-08-21T19:11:11.460458+00:00,pool,2fg5QD1eD7rzNNCsvnhmXFm5hqNgwTTG8p7kQ6f3rx6f,14,ok
GCjNq5LDnGH3gYmq8A3tHmigvbTzs1X2SxqBdzvTpump,PI,2026-08-21T19:11:11.460458+00:00,pool,8cmGffUSgwt4k7hNbBBAaY7tXW1M8AHPB2YHUYdZE1aU,15,ok
GCjNq5LDnGH3gYmq8A3tHmigvbTzs1X2SxqBdzvTpump,PI,2026-08-21T19:11:11.460458+00:00,pool,C5xd4BxmemW9YMPs3NbdwpykLARfbExemrrHWjc4dKoC,16,ok
GCjNq5LDnGH3gYmq8A3tHmigvbTzs1X2SxqBdzvTpump,PI,2026-08-21T19:11:11.460458+00:00,pool,6i8mkor5eoH6S1d2q844g1k47Frz7JLMopqX4k2kThkd,17,ok
GCjNq5LDnGH3gYmq8A3tHmigvbTzs1X2SxqBdzvTpump,PI,2026-08-21T19:11:11.460458+00:00,pool,AjS2epGyyiZxf52p8exyB9w5T4ahXQpMg4xDKmd8kqNF,18,ok
GCjNq5LDnGH3gYmq8A3tHmigvbTzs1X2SxqBdzvTpump,PI,2026-08-21T19:11:11.460458+00:00,pool,8Jm2bynXqtmSo8A29mVBXaoNVhZhnf2FnusR488mbgTQ,19,ok
GCjNq5LDnGH3gYmq8A3tHmigvbTzs1X2SxqBdzvTpump,PI,2026-08-21T19:11:11.460458+00:00,pool,2JupqK1GwUPUJHTgvqohdYZmW4VJuKWm6tEeMbGJdpcG,20,ok
GCjNq5LDnGH3gYmq8A3tHmigvbTzs1X2SxqBdzvTpump,PI,2026-08-21T19:11:11.460458+00:00,pool,AJVLS8KLDnq51LCGV9GdYwoVvYYFqY4safqFeWxm4qrB,21,ok
GCjNq5LDnGH3gYmq8A3tHmigvbTzs1X2SxqBdzvTpump,PI,2026-08-21T19:11:11.460458+00:00,pool,89sirr7Z6eoxuMf3zjTpJJMQWRJPVperGd7EYDUoxFZm,22,ok
GCjNq5LDnGH3gYmq8A3tHmigvbTzs1X2SxqBdzvTpump,PI,2026-08-21T19:11:11.460458+00:00,pool,56rbLYK78zyHjEZtBrZeUdhdAqsDD1QiGoFma56tj3G2,23,ok
GrHhWhMbEybuHj5MQEGa5aqVjUcT84kYmJqf2NLfD4FM,Keroro,2026-08-21T19:11:25.515104+00:00,pool,BnnNJJgy9w2MLQ9XBKJKG9FQa2r9qdW7u5VpzEkwUcc3,1,ok
GrHhWhMbEybuHj5MQEGa5aqVjUcT84kYmJqf2NLfD4FM,Keroro,2026-08-21T19:11:25.515104+00:00,pool,27HFmP7ccLadGswvQfvea4o3juLw75cPF4V6jWpHM3MX,2,ok
GrHhWhMbEybuHj5MQEGa5aqVjUcT84kYmJqf2NLfD4FM,Keroro,2026-08-21T19:11:25.515104+00:00,pool,Fs9RN3wAsuJKPbTmtX5eek1bhW5krNH8RkQxkFAtgNfR,3,ok
GrHhWhMbEybuHj5MQEGa5aqVjUcT84kYmJqf2NLfD4FM,Keroro,2026-08-21T19:11:25.515104+00:00,pool,4Z71k6f7KgmRZnN5pHjncJhMyNaDTEASxUAymBpiQSqb,4,ok
GrHhWhMbEybuHj5MQEGa5aqVjUcT84kYmJqf2NLfD4FM,Keroro,2026-08-21T19:11:25.515104+00:00,pool,7SKUpg6CUYR549yDYXXpktD3ga7MSXTqP3u9kNwz1psZ,5,ok
GrHhWhMbEybuHj5MQEGa5aqVjUcT84kYmJqf2NLfD4FM,Keroro,2026-08-21T19:11:25.515104+00:00,pool,Aa9pRKX6wuNbMme5yvGXPDCWe62wDicfow4QLrpgL1pH,6,ok
GrHhWhMbEybuHj5MQEGa5aqVjUcT84kYmJqf2NLfD4FM,Keroro,2026-08-21T19:11:25.515104+00:00,pool,7BuAFcBcZ7ZRkGr9FHUMahrLFXmzfz2Er2Kqih7oJeXU,7,ok
GrHhWhMbEybuHj5MQEGa5aqVjUcT84kYmJqf2NLfD4FM,Keroro,2026-08-21T19:11:25.515104+00:00,pool,3SkBCx49BsK64h6tssBBJZ1WNvpiLdnhnXNmJtP46d7b,8,ok
GrHhWhMbEybuHj5MQEGa5aqVjUcT84kYmJqf2NLfD4FM,Keroro,2026-08-21T19:11:25.515104+00:00,pool,7r6q4TNQAYU6hGJ2asgbZNsEu2Ah53P74QLsmtb4Zyyp,9,ok
GrHhWhMbEybuHj5MQEGa5aqVjUcT84kYmJqf2NLfD4FM,Keroro,2026-08-21T19:11:25.515104+00:00,pool,8pxZhpTZSk9vQAoJxVbjqeUfWBnr98z2PA3wX2qpT8F3,10,ok
GrHhWhMbEybuHj5MQEGa5aqVjUcT84kYmJqf2NLfD4FM,Keroro,2026-08-21T19:11:25.515104+00:00,pool,6zPinvZLUje1wXoMgLHbqg3hVxMXKSVNQyn1GUs8CBBX,11,ok
GrHhWhMbEybuHj5MQEGa5aqVjUcT84kYmJqf2NLfD4FM,Keroro,2026-08-21T19:11:25.515104+00:00,pool,Ay7PUUJa2yhmpnjkJ5wBHb36TZNDbCTJXapsC9SKg5Eu,12,ok
GrHhWhMbEybuHj5MQEGa5aqVjUcT84kYmJqf2NLfD4FM,Keroro,2026-08-21T19:11:25.515104+00:00,pool,a16ZRRPYzkCgED9ECcFd9vdrFzW775Z2DqmAEsSZDGE,13,ok
GrHhWhMbEybuHj5MQEGa5aqVjUcT84kYmJqf2NLfD4FM,Keroro,2026-08-21T19:11:25.515104+00:00,pool,sAdNbe1cKNMDqDsa4npB3TfL62T14uAo2MsUQfLvzLT,14,ok
GrHhWhMbEybuHj5MQEGa5aqVjUcT84kYmJqf2NLfD4FM,Keroro,2026-08-21T19:11:25.515104+00:00,pool,Hqu85svBmrKDaPyFgwKFXzz1XbfCQZeR5sWMaXbFcVEa,15,ok
GrHhWhMbEybuHj5MQEGa5aqVjUcT84kYmJqf2NLfD4FM,Keroro,2026-08-21T19:11:25.515104+00:00,pool,3sejQuEduLtdBZr3qXrXufVDRAsro8TExkxwRAHgJ7r9,16,ok
GrHhWhMbEybuHj5MQEGa5aqVjUcT84kYmJqf2NLfD4FM,Keroro,2026-08-21T19:11:25.515104+00:00,pool,87F4gRXVopcgnPvaDRJeakPE8CFkcMD1viUuLs228aPy,17,ok
GrHhWhMbEybuHj5MQEGa5aqVjUcT84kYmJqf2NLfD4FM,Keroro,2026-08-21T19:11:25.515104+00:00,pool,52oc72vjNbpUhF7jNE1pPAvc17JwBTyxybFp3u7PvetG,18,ok
GrHhWhMbEybuHj5MQEGa5aqVjUcT84kYmJqf2NLfD4FM,Keroro,2026-08-21T19:11:25.515104+00:00,pool,A2PSL5JM31qaVJiJzEY4TAZ2uAWA7FY1EY4UWm664aBp,19,ok
GrHhWhMbEybuHj5MQEGa5aqVjUcT84kYmJqf2NLfD4FM,Keroro,2026-08-21T19:11:25.515104+00:00,pool,C21bC2HpMxiWSbAYSfouwN2b6nY7PE6xGkUcLb3QiQzd,20,ok
GrHhWhMbEybuHj5MQEGa5aqVjUcT84kYmJqf2NLfD4FM,Keroro,2026-08-21T19:11:25.515104+00:00,pool,6fAupfjF1pNVQm1xijQS93s71HgC6SgUyJxJBqXgxCQ7,21,ok
GrHhWhMbEybuHj5MQEGa5aqVjUcT84kYmJqf2NLfD4FM,Keroro,2026-08-21T19:11:25.515104+00:00,pool,a9Cct2wpjn4vWSR4rsytxm1URyk6vTXo4RTqXFpjyvD,22,ok
GrHhWhMbEybuHj5MQEGa5aqVjUcT84kYmJqf2NLfD4FM,Keroro,2026-08-21T19:11:25.515104+00:00,pool,D6LXNwbaXSSsiEAhpeZszfuENCLgjBqXfLf1GjfPLRKc,23,ok
DShht9B8wCRe5t3oqdPB77PnjJbKxbYaZyuWpZQjbonk,CONK,2026-08-21T23:00:10.734320+00:00,pool,6ePbEvTDFGPembAtY1vwLF4CWbTWKFisUE2G2k53tHHw,1,ok
DShht9B8wCRe5t3oqdPB77PnjJbKxbYaZyuWpZQjbonk,CONK,2026-08-21T23:00:10.734320+00:00,pool,A222GV8NCFRu9N3xPYk9HKXEzXJrBqamYxdZqoYAuQhd,2,ok
DShht9B8wCRe5t3oqdPB77PnjJbKxbYaZyuWpZQjbonk,CONK,2026-08-21T23:00:10.734320+00:00,pool,YWfoY5WUU5Hij4671phF2i9vseVvAVwSQRo3h23yijP,3,ok
DShht9B8wCRe5t3oqdPB77PnjJbKxbYaZyuWpZQjbonk,CONK,2026-08-21T23:00:10.734320+00:00,pool,2Xtmbm2qV2sfZ3DGqWdFLEZjyb3nTWybs7zmuBxXCJcs,4,ok
DShht9B8wCRe5t3oqdPB77PnjJbKxbYaZyuWpZQjbonk,CONK,2026-08-21T23:00:10.734320+00:00,pool,9qNCes97kBoPSQtbbBmCsQWS8qCo9aJhdLCHM9Jd73bx,5,ok
DShht9B8wCRe5t3oqdPB77PnjJbKxbYaZyuWpZQjbonk,CONK,2026-08-21T23:00:10.734320+00:00,pool,5Gzm9fTNNcxZz196b68REdqzJyvdqzZBARHuGtrVMVTF,6,ok
DShht9B8wCRe5t3oqdPB77PnjJbKxbYaZyuWpZQjbonk,CONK,2026-08-21T23:00:10.734320+00:00,pool,3szi2KjGLWKeTYNx8nAGDw6mnJev5vJBxo9dCgb7gofy,7,ok
DShht9B8wCRe5t3oqdPB77PnjJbKxbYaZyuWpZQjbonk,CONK,2026-08-21T23:00:10.734320+00:00,pool,BTtBoRvsnFRnrzG45Mut6wYjMab9jAgnd5wESMKFbzQh,8,ok
DShht9B8wCRe5t3oqdPB77PnjJbKxbYaZyuWpZQjbonk,CONK,2026-08-21T23:00:10.734320+00:00,pool,A4h6Z9qjCLxbd4Q3FVkLjMLAaNwkHyust8EhfgMnWfCm,9,ok
DShht9B8wCRe5t3oqdPB77PnjJbKxbYaZyuWpZQjbonk,CONK,2026-08-21T23:00:10.734320+00:00,pool,BavepTNHxsEfyN3VGsjdEqDvHeq9bR3Crygaw7qb7ry9,10,ok
DShht9B8wCRe5t3oqdPB77PnjJbKxbYaZyuWpZQjbonk,CONK,2026-08-21T23:00:10.734320+00:00,pool,AkmeqzGkD7WsnNwDS3WhPD8o8yH4XkonYGVeRApLk6Eu,11,ok
DShht9B8wCRe5t3oqdPB77PnjJbKxbYaZyuWpZQjbonk,CONK,2026-08-21T23:00:10.734320+00:00,pool,DKhLNV52beDAd52CMY3cCo74ohFQXeei1xEQRLDggCGp,12,ok
DShht9B8wCRe5t3oqdPB77PnjJbKxbYaZyuWpZQjbonk,CONK,2026-08-21T23:00:10.734320+00:00,pool,2epYna9GBFkkvEtLNaeKqRojpBVR4zLNNeSwhUGd6aVW,13,ok
DShht9B8wCRe5t3oqdPB77PnjJbKxbYaZyuWpZQjbonk,CONK,2026-08-21T23:00:10.734320+00:00,pool,FrT2DV2ivsPqm3fwhzinj9etqckcwHXSvGJ8Dup8JMNH,14,ok
DShht9B8wCRe5t3oqdPB77PnjJbKxbYaZyuWpZQjbonk,CONK,2026-08-21T23:00:10.734320+00:00,pool,9VdhkL4MeBcGvfsfxxgn735EUxyZcgvwsZboPfGTwFhr,15,ok
DShht9B8wCRe5t3oqdPB77PnjJbKxbYaZyuWpZQjbonk,CONK,2026-08-21T23:00:10.734320+00:00,pool,HSSXNPj8ktPkeF2Nbv2KfcyvvnVTKxMmUHp5K5cvWedE,16,ok
DShht9B8wCRe5t3oqdPB77PnjJbKxbYaZyuWpZQjbonk,CONK,2026-08-21T23:00:10.734320+00:00,pool,3Gd1fgCGz4nHWmv3SJV1nxECidin5CTb9pK1GfY1Xbid,17,ok
DShht9B8wCRe5t3oqdPB77PnjJbKxbYaZyuWpZQjbonk,CONK,2026-08-21T23:00:10.734320+00:00,pool,3KuCV6xyAaBh3rorbynKKUPC4X2xLA1YV7BtY4wdzQT5,18,ok
C6TTFtfzmWRymfR5xqXGwepayteeGjvj6KVnu7gs7Lf3,ETM,2026-08-21T23:01:43.915891+00:00,pool,5CEbueQnq1Ym2uSSx2xXds3jQAqT1BDnkA59RZobSPAG,1,ok
C6TTFtfzmWRymfR5xqXGwepayteeGjvj6KVnu7gs7Lf3,ETM,2026-08-21T23:01:43.915891+00:00,pool,2Fast4U47Ke1uXwsiSQwBMv1NfyYEcFontjbuu35DqPu,2,ok
C6TTFtfzmWRymfR5xqXGwepayteeGjvj6KVnu7gs7Lf3,ETM,2026-08-21T23:01:43.915891+00:00,pool,REDBUtdAjot2V6abs2pojT9BiRUdC1NuUpi8QSfrMVt,3,ok
C6TTFtfzmWRymfR5xqXGwepayteeGjvj6KVnu7gs7Lf3,ETM,2026-08-21T23:01:43.915891+00:00,pool,A8W2RQDwrgaT2Ri6MsZCGmj1yUPgyvntfp8n7Qzdfddr,4,ok
C6TTFtfzmWRymfR5xqXGwepayteeGjvj6KVnu7gs7Lf3,ETM,2026-08-21T23:01:43.915891+00:00,pool,TnBkmGdxrwgnjEZpNcE3Uj22XmpdGtWNFCUNrU94shZ,5,ok
C6TTFtfzmWRymfR5xqXGwepayteeGjvj6KVnu7gs7Lf3,ETM,2026-08-21T23:01:43.915891+00:00,pool,DsWhCDSm6Wr8RQG3uC1zVBSZmifZZ6N6LfzAx73xfXvU,6,ok
C6TTFtfzmWRymfR5xqXGwepayteeGjvj6KVnu7gs7Lf3,ETM,2026-08-21T23:01:43.915891+00:00,pool,4cKe6PYJKpCBgX1FpAd4nmWLfreKFMNdMQLd3jexcvtp,7,ok
C6TTFtfzmWRymfR5xqXGwepayteeGjvj6KVnu7gs7Lf3,ETM,2026-08-21T23:01:43.915891+00:00,pool,6QmtcnuUogD9ZRTSBLNwrkLjHAEAQz6HcJQPR3ar2xPC,8,ok
C6TTFtfzmWRymfR5xqXGwepayteeGjvj6KVnu7gs7Lf3,ETM,2026-08-21T23:01:43.915891+00:00,pool,6GGytYh7paCtSpHbNQEhEsLxydpzam7SjPJHwxFvU332,9,ok
C6TTFtfzmWRymfR5xqXGwepayteeGjvj6KVnu7gs7Lf3,ETM,2026-08-21T23:01:43.915891+00:00,pool,7CgG2UJ2WqirVGHKeRhBynQi5a2Tm9M7PtEmadrYepso,10,ok
C6TTFtfzmWRymfR5xqXGwepayteeGjvj6KVnu7gs7Lf3,ETM,2026-08-21T23:01:43.915891+00:00,pool,2ur6QgdT4sqTUS2ezcKxTTVTgyeboF8S4di68r7AV4WF,11,ok
C6TTFtfzmWRymfR5xqXGwepayteeGjvj6KVnu7gs7Lf3,ETM,2026-08-21T23:01:43.915891+00:00,pool,FsmALvL1wc1o7k9Q6f57ncFwTmNoRJjuZxEE4Ze1hjxb,12,ok
C6TTFtfzmWRymfR5xqXGwepayteeGjvj6KVnu7gs7Lf3,ETM,2026-08-21T23:01:43.915891+00:00,pool,toeu8G6HqdNrf7zgFJG7dZ6X9TSUf6LAZ1Kr4GshZk8,13,ok
C6TTFtfzmWRymfR5xqXGwepayteeGjvj6KVnu7gs7Lf3,ETM,2026-08-21T23:01:43.915891+00:00,pool,57t8HN66NaZwbCxMoU371PWQkSZk64Y4GdyS8Ja2iHZp,14,ok
C6TTFtfzmWRymfR5xqXGwepayteeGjvj6KVnu7gs7Lf3,ETM,2026-08-21T23:01:43.915891+00:00,pool,3598rAweXSGfLm6HLfuxFmz1VohsQ2C85m4iLq68xnei,15,ok
C6TTFtfzmWRymfR5xqXGwepayteeGjvj6KVnu7gs7Lf3,ETM,2026-08-21T23:01:43.915891+00:00,pool,6gFqpfzzjtNYCWtJ6xxoYTJR1P7NiZPfx8z93Sxh3oUh,16,ok
